kt,,kia,,lg,,nc,,ssg,,두산,,롯데,,삼성,,키움,,한화,
변수,상관관계,변수,상관관계,변수,상관관계,변수,상관관계,변수,상관관계,변수,상관관계,변수,상관관계,변수,상관관계,변수,상관관계,변수,상관관계
홀드,0.880361327,안타,0.84990924,홀드,0.79258364,세이브,0.836620367,세이브,0.844886765,출루율,0.848315546,고의타구,0.76667025,볼넷,0.793662769,도루저지율,0.979208245,홈런,0.863785291
세이브,0.859808449,타수,0.849308001,세이브,0.764424384,출루율,0.833393246,풋아웃,0.832404822,타율,0.829142692,타율,0.70024264,출루율,0.653697772,홀드,0.914681121,장타율,0.811842053
퀄리티스타트,0.743920124,풋아웃,0.849140635,풋아웃,0.667063301,타율,0.831223396,퀄리티스타트,0.771539686,타석,0.825327978,출루율,0.652445352,홈런,0.637605862,어시스트,0.800799418,득점,0.811373385
풋아웃,0.743919538,득점,0.843051657,3루타,0.550694953,안타,0.780780413,완봉,0.74087841,출루율+장타율,0.815271024,세이브,0.648620891,타점,0.627002362,세이브,0.785122935,출루율+장타율,0.805010992
평균연봉,0.684265,타점,0.839171751,완봉,0.499199831,득점권타율,0.748908664,2루타,0.737689178,수비율,0.809900503,득점권타율,0.648097265,출루율+장타율,0.605160583,출루율+장타율,0.669058094,평균연봉,0.794012532
